{"cameraMode":{"drawMode":0,"name":"Shaded","section":"Shading Mode"},"sceneLighting":false,"audioPlay":false,"sceneViewState":{"showFog":true,"showMaterialUpdate":false,"showSkybox":false,"showFlares":true,"showImageEffects":true,"showParticleSystems":true},"in2DMode":false,"pivot":{"x":0.0,"y":0.28998827934265139,"z":1.7275800704956055},"rotation":{"x":0.06654996424913407,"y":0.9239456653594971,"z":-0.18855316936969758,"w":0.3261071443557739},"size":5.842893123626709,"orthographic":false}